None,Here's Why We Think DoubleVerify Holdings (NYSE:DV) Is Well Worth Watching,{},{'DV': 'r'},{}
None,Here's Why We Think DoubleVerify Holdings (NYSE:DV) Is Well Worth Watching,{},{'DV': 'r'},{}
None,Here's Why DT Midstream (NYSE:DTM) Has Caught The Eye Of Investors,{},{},{}
None,Here's Why DT Midstream (NYSE:DTM) Has Caught The Eye Of Investors,{},{},{}
None,Investors in Mastercard (NYSE:MA) have seen splendid returns of 100% over the past five years,{},{'MA': 'r'},{}
None,Investors in Mastercard (NYSE:MA) have seen splendid returns of 100% over the past five years,{},{'MA': 'r'},{}
None,Here’s Why Blue Tower Asset Management Exited D.R. Horton (DHI),{},{'DHI': 'f'},{}
None,Here’s Why Blue Tower Asset Management Exited D.R. Horton (DHI),{},{'DHI': 'f'},{}
None,Which Stock Is A Better Pick For The Next Three Years – FedEx Or UNH?,{},{},{}
None,Which Stock Is A Better Pick For The Next Three Years – FedEx Or UNH?,{},{},{}
None,How Will AI Stocks Fare If the US Enters a Recession? 6 Experts Weigh In,{},{},{}
None,How Will AI Stocks Fare If the US Enters a Recession? 6 Experts Weigh In,{},{},{}
None,Investors in RLX Technology (NYSE:RLX) have unfortunately lost 17% over the last year,{},{'RLX': 'f'},{}
None,Investors in RLX Technology (NYSE:RLX) have unfortunately lost 17% over the last year,{},{'RLX': 'f'},{}
None,Farmers National Banc (NASDAQ:FMNB) investors are sitting on a loss of 11% if they invested five years ago,{},{'FMNB': 'f'},{}
None,Farmers National Banc (NASDAQ:FMNB) investors are sitting on a loss of 11% if they invested five years ago,{},{'FMNB': 'f'},{}
None,Gibraltar Industries' (NASDAQ:ROCK) five-year earnings growth trails the 10.0% YoY shareholder returns,{},{'ROCK': 'f'},{}
None,Gibraltar Industries' (NASDAQ:ROCK) five-year earnings growth trails the 10.0% YoY shareholder returns,{},{'ROCK': 'f'},{}
None,Scaramucci Says AI Stocks Are a Bubble But Buy Them Anyway,{},{},{}
None,Scaramucci Says AI Stocks Are a Bubble But Buy Them Anyway,{},{},{}
None,Peabody Energy (NYSE:BTU) Is Achieving High Returns On Its Capital,{},{'BTU': 'r'},{'BTU': 'r'}
None,Peabody Energy (NYSE:BTU) Is Achieving High Returns On Its Capital,{},{'BTU': 'r'},{'BTU': 'r'}
None,Restaurant Brands International (NYSE:QSR) shareholders have earned a 59% return over the last year,{},{'QSR': 'r'},{}
None,Restaurant Brands International (NYSE:QSR) shareholders have earned a 59% return over the last year,{},{'QSR': 'r'},{}
None,US Bank Stocks Head for First Monthly Gain Since Regional Tumult,{},{'US': 'r'},{'USB': 'r'}
None,US Bank Stocks Head for First Monthly Gain Since Regional Tumult,{},{'US': 'r'},{'USB': 'r'}
None,After first-half rally, stocks' July winning streak on the line,{},{},{}
None,After first-half rally, stocks' July winning streak on the line,{},{},{}
None,Shareholders in F5 (NASDAQ:FFIV) are in the red if they invested five years ago,{},{'FFIV': 'f'},{}
None,Shareholders in F5 (NASDAQ:FFIV) are in the red if they invested five years ago,{},{'FFIV': 'f'},{}
None,3 Highly-Ranked Stocks to Buy in July for the Second Half of 2023,{},{},{}
None,3 Highly-Ranked Stocks to Buy in July for the Second Half of 2023,{},{},{}
None,Asia shares edge lower on rate hike worries, yen frail,{},{},{}
None,Asia shares edge lower on rate hike worries, yen frail,{},{},{}
None,Stock Market Today: Stocks Pop on Upbeat Inflation Data; Apple Hits $3T Market Cap,{},{'AAPL': 'r'},{}
None,Stock Market Today: Stocks Pop on Upbeat Inflation Data; Apple Hits $3T Market Cap,{},{'AAPL': 'r'},{}
None,Chico's FAS (NYSE:CHS) shareholders have earned a 60% CAGR over the last three years,{},{'CHS': 'r'},{}
None,Chico's FAS (NYSE:CHS) shareholders have earned a 60% CAGR over the last three years,{},{'CHS': 'r'},{}
None,Beauty Health (NASDAQ:SKIN) shareholders have endured a 34% loss from investing in the stock a year ago,{},{'SKIN': 'f'},{'SKIN': 'f'}
None,Beauty Health (NASDAQ:SKIN) shareholders have endured a 34% loss from investing in the stock a year ago,{},{'SKIN': 'f'},{'SKIN': 'f'}
None,Investors in Nordic American Tankers (NYSE:NAT) have seen favorable returns of 86% over the past year,{},{'NAT': 'r'},{}
None,Investors in Nordic American Tankers (NYSE:NAT) have seen favorable returns of 86% over the past year,{},{'NAT': 'r'},{}
None,The Best-Performing REITs Of The First Half Of 2023,{},{},{}
None,The Best-Performing REITs Of The First Half Of 2023,{},{},{}
None,Airline stocks set for best month in two years on summer rush, lower fuel prices,{},{'AAL': 'r', 'DAL': 'r', 'UAL': 'r', 'LUV': 'r'},{'UAL': 'r', 'DAL': 'r', 'LUV': 'r'}
None,Airline stocks set for best month in two years on summer rush, lower fuel prices,{},{'AAL': 'r', 'DAL': 'r', 'UAL': 'r', 'LUV': 'r'},{'UAL': 'r', 'DAL': 'r', 'LUV': 'r'}
None,Mid-Year Hollywood Stocks Review: Spotify Soars, Netflix Gains, Paramount Drops,{},{'NFLX': 'r', 'SPOT': 'r', 'VIAC': 'f'},{}
None,Mid-Year Hollywood Stocks Review: Spotify Soars, Netflix Gains, Paramount Drops,{},{'NFLX': 'r', 'SPOT': 'r', 'VIAC': 'f'},{}
None,Stock futures rise ahead of key inflation data: Stock market news today - Yahoo Finance,{},{},{}
None,Stock futures rise ahead of key inflation data: Stock market news today - Yahoo Finance,{},{},{}
None,Here’s Why Skyworks Solutions (SWKS) Outperformed in Q1,{},{'SWKS': 'r'},{}
None,Here’s Why Skyworks Solutions (SWKS) Outperformed in Q1,{},{'SWKS': 'r'},{}
None,Hot Stocks | Sun Pharma, Tata Motors, NTPC may deliver up to 10% in short term,{},{'SUNPHARMA': 'r', 'TATAMOTORS': 'f', 'NTPC': 'r'},{}
None,Hot Stocks | Sun Pharma, Tata Motors, NTPC may deliver up to 10% in short term,{},{'SUNPHARMA': 'r', 'TATAMOTORS': 'f', 'NTPC': 'r'},{}
None,1 Top Dividend Stock to Buy Now,{},{},{}
None,1 Top Dividend Stock to Buy Now,{},{},{}
None,Nike Is Falling, but This EV Challenger Is Giving Tesla a Run for Its Money,{},{},{}
None,Nike Is Falling, but This EV Challenger Is Giving Tesla a Run for Its Money,{},{},{}
None,1 Green Flag and 1 Red Flag for Nvidia in 2023,{},{'NVDA': 'f'},{}
None,1 Green Flag and 1 Red Flag for Nvidia in 2023,{},{'NVDA': 'f'},{}
None,Stock Market Rally That Shocked Everyone Is Finally Broadening Beyond Tech,{},{},{}
None,Stock Market Rally That Shocked Everyone Is Finally Broadening Beyond Tech,{},{},{}
None,Trade Spotlight | How should you trade in EPL, CDSL and REC stocks today,{},{},{}
None,Trade Spotlight | How should you trade in EPL, CDSL and REC stocks today,{},{},{}
None,AMC stocks surge up to 13% as SEBI defers rationalisation of TER,{},{'AMC': 'r'},{'AMC': 'r'}
None,AMC stocks surge up to 13% as SEBI defers rationalisaton of TER,{},{'AMC': 'r'},{'AMC': 'r'}
None,Stocks to buy today: Sun Pharma, L&T among top 9 trading ideas for 30 June 2023 - Economic Times,{},{},{}
None,Stocks to buy today: Sun Pharma, L&T among top 9 trading ideas for 30 June 2023 - Economic Times,{},{},{}
None,Buy or sell: Vaishali Parekh recommends three stocks to buy today — 30th June | Mint - Mint,{},{},{}
None,Buy or sell: Vaishali Parekh recommends three stocks to buy today — 30th June | Mint - Mint,{},{},{}
None,Market Digest: MU, UNFI,{},{},{}
None,Market Digest: MU, UNFI,{},{},{}
None,Should You Invest in Charles Schwab Corporation (SCHW) Now?,{},{},{}
None,Should You Invest in Charles Schwab Corporation (SCHW) Now?,{},{},{}
None,Investors in ArcelorMittal South Africa (JSE:ACL) have seen incredible returns of 554% over the past three years,{},{'ACL': 'r'},{}
None,Investors in ArcelorMittal South Africa (JSE:ACL) have seen incredible returns of 554% over the past three years,{},{'ACL': 'r'},{}
None,Investors in Hertz Global Holdings (NASDAQ:HTZ) have seen returns of 14% over the past year,{},{'HTZ': 'r'},{}
None,Investors in Hertz Global Holdings (NASDAQ:HTZ) have seen returns of 14% over the past year,{},{'HTZ': 'r'},{}
None,Investors in Curis (NASDAQ:CRIS) have unfortunately lost 50% over the last five years,{},{'CRIS': 'f'},{}
None,Investors in Curis (NASDAQ:CRIS) have unfortunately lost 50% over the last five years,{},{'CRIS': 'f'},{}
None,Lennar (LEN) Declined on Rising Rates,{},{'LEN': 'f'},{'LEN': 'f'}
